electra,xlnet,bert,target
5.2322645,5.259335,4.8333673,5
5.175847,5.162593,4.8894095,4.75
5.227378,5.231233,4.944039,5
2.6007879,2.2561648,2.321052,2.4
2.6520488,2.2624867,2.625745,2.75
2.8427138,2.3829136,2.3721735,2.615
5.209375,5.2590303,5.121824,5
2.9884489,2.6391366,2.3617842,2.333
4.251383,4.219613,4.4702063,3.75
5.242391,5.2584915,4.905989,5
3.5764112,3.410515,3.097518,3.2
1.7750676,1.8586869,1.834174,1.583
5.212031,5.2736297,4.8999457,5
5.2189617,5.284288,4.6443453,5
5.1601715,5.2118897,4.7632804,4.909
0.59572446,0.6681599,0.21028326,0.8
2.768607,4.1962914,3.4244754,2.4
5.227781,5.2114615,5.1042757,5
3.6672847,4.4363694,3.9943576,4
1.0280817,0.6368686,0.551555,0.636
3.2021184,2.953927,3.6253905,3
1.7005532,1.7049036,1.697033,1.714
3.4754913,3.611502,3.8628707,3.2
1.7945635,1.8430684,1.6467941,2.167
1.0718565,1.1784201,1.3916028,1
2.0610132,1.9216576,2.358227,1.917
3.2631505,3.619902,3.089521,4.25
3.609771,3.1100028,3.4132006,3
0.5528367,0.7059572,0.47950453,1
0.063135825,0.10333988,0.08771627,0.6
2.861104,2.5120418,3.1749594,2.6
4.9159894,5.174678,3.5043936,5
4.6873765,4.907759,4.1090016,4.6
5.128081,5.081383,4.6554265,5
4.601901,4.6048436,3.9998434,4.8
4.6377835,5.172629,4.7453637,3.8
5.1775947,5.2038326,4.9365683,5
5.1791873,5.2006183,4.69612,5
4.8113976,4.9109507,4.2404428,4.2
1.2555281,1.3642094,1.2272419,1.4
3.3069065,3.0550215,3.3562634,3.6
4.186497,4.249524,4.006727,2.8
1.3709481,1.3308907,2.3925242,1.6
3.2796183,3.1508846,3.4865212,3
1.5568981,1.6636468,1.6024364,1.4
0.32453528,0.6522953,0.41103292,0.25
0.0035067503,0.12346047,0.099730276,0.25
0.17440599,0.64385563,0.41625917,0
4.041849,2.95155,2.8579044,4
4.872679,4.7571297,4.136579,4.5
0.6876256,0.8737352,1.034415,0.5
3.5819895,4.086243,3.8589346,3.8
4.9721265,5.0944047,4.232805,4.8
5.16042,5.050597,4.5634055,5
0.7106267,0.53220797,0.44192958,0.25
1.5678728,1.5071372,2.2675834,1.2
0.37649012,0.58877164,0.26624334,0.6
0.13200182,0.61891115,0.73352,0.8
3.3476036,3.8533003,3.009555,3.8
-0.08478669,0.071819805,-0.037793502,0
3.0672407,2.8510516,3.054161,3.5
4.603314,4.362669,3.566403,4.5
3.6060812,2.788908,2.3598025,2.8
4.3134756,4.4923806,4.259334,3.8
3.4421763,3.3525302,4.003143,3.8
0.0032689967,0.119083114,0.15476094,0
4.539882,3.8524604,4.4439073,4
4.5490866,4.389744,4.384978,4.25
2.9850078,2.3610098,3.1114058,2.812
4.014836,4.2236094,3.1938934,4.25
2.9892595,3.0561922,3.4163942,3
2.5627954,2.894545,2.0937524,1
2.6763718,3.8222663,2.2761726,3.75
0.6955742,0.63637394,0.43567002,0
0.1409278,0.6640015,0.38968235,0.4
4.5199428,4.4103513,4.27217,4
2.5539796,2.977732,2.8784144,2.8
3.4496005,4.054433,2.8387418,3.75
0.688391,0.82765895,2.0620456,1.154
3.6610022,3.8440037,3.9007912,2.75
3.1859581,2.505205,1.9357029,2.8
-0.06963126,0.052388802,0.029434033,0
-0.07542775,0.051579222,-0.05658444,0
2.8175685,2.3212237,2.9942641,3.4
5.2164845,5.1564946,4.739302,5
0.24384102,0.4672256,0.6230011,0.8
3.113475,2.9405522,2.164001,2.25
3.0976672,3.0940938,4.2237644,2.75
3.6116674,3.809172,4.1202946,4.5
2.9931412,3.476422,3.4700284,2.6
3.3975906,3.4860258,3.322241,3.8
3.2469676,1.9813237,2.1638436,2.8
2.4488337,0.9456281,2.0552835,1.6
0.015150748,0.03878708,0.05242873,0
0.37398538,0.4891587,0.60931563,1.333
2.9070723,2.5276928,3.0427513,2.6
0.48225236,0.47770932,0.4624737,0.6
0.3312664,0.5945187,0.47808966,0
-0.106333114,0.094742574,0.08148771,0
3.0871692,2.7852437,2.0024352,3
-0.058745664,0.020702524,0.077848874,0
0.19645557,0.3983089,0.45262885,0.2
3.2581909,3.2673638,3.265617,3.2
2.3618286,2.8711946,2.7036867,2
0.018311437,0.118215255,0.28235298,0
3.4451082,3.8273628,3.124703,3
3.8712537,3.9117048,4.3776507,3.091
3.3797066,3.7801766,3.432158,2.75
0.6823353,0.7006331,0.8521608,1.2
0.7489076,0.43256998,0.29219562,0.5
0.9628207,1.6308396,1.0000397,0.25
-0.06843133,0.07393149,0.07436912,0
-0.11471855,-0.00888961,0.28946462,0
0.4635571,0.6183958,0.3401301,0.5
-0.108421795,0.13881773,0.21051686,0
0.057506423,0.61731684,0.1799575,0.6
3.0254147,3.3089955,2.2513146,4
1.9183028,2.236492,2.8439236,3.4
-0.11282801,-0.010484768,0.12346483,0
-0.1154551,0.034774713,0.1747974,0
1.9014299,2.2228506,2.6982832,1
-0.048654288,0.035383523,-0.019047137,0
2.1482692,2.6079085,2.4555979,2.4
0.53221613,0.70546645,0.37838143,0.4
0.83441293,1.1102843,1.6663485,1.8
3.4410882,3.5596793,1.8524728,2.5
-0.044069834,0.1894983,0.11254331,0.083
-0.059398603,-0.06242217,0.06434768,0
1.8441691,2.4735594,2.5796642,1
2.0842147,2.892182,3.5166368,4.5
-0.09378746,0.052295163,0.057302862,0
4.1035237,3.396575,4.263265,3.6
4.743545,5.239041,4.9383307,5
5.1791067,5.2893996,4.8341317,5
5.2287707,5.2706804,4.9316807,5
5.2287707,5.2706804,4.9316807,5
3.9589722,4.317099,3.958991,3.8
5.0940104,4.970786,4.4188824,5
2.0773718,1.7646325,1.4939712,2.5
3.8151023,3.1682134,3.9645748,3.824
1.1463873,1.040902,1.0075336,1.6
5.187053,5.251315,4.4253626,5
5.2239966,5.182162,4.92414,5
2.06298,1.7705123,1.9872183,2.375
5.217218,5.1696277,4.8464494,5
0.91810095,0.9676679,0.5684436,1.25
0.39369494,0.7704347,0.484571,1.25
3.1689577,2.7016237,3.9858708,3
1.7945645,1.8430679,1.6467943,2.167
1.1638993,0.9601173,1.1455268,1.4
3.7568893,2.9951224,4.1246724,4
2.8588006,2.1948462,3.1332693,3.6
5.1111407,5.1118946,4.7825284,4.857
0.7002744,0.87068987,1.0986298,0.4
0.3308597,0.5956443,0.4050665,0.2
1.9934504,2.1402423,2.6061816,1.3
0.47135112,0.8176524,0.43460238,1.2
0.4975981,0.8647571,0.4484833,1.2
3.363611,3.7230055,4.415454,4.4
1.6020366,1.9642899,1.6635736,1.8
1.2810613,1.299263,1.4927012,1.4
1.0889482,0.7440807,0.7308861,0.4
5.213746,5.2617126,4.7220035,4.4
3.59035,3.505357,3.4766068,3.25
0.5439512,0.61139905,1.4964894,0.778
2.3807244,2.2806575,2.2136579,2.25
3.5099146,4.2507586,3.4364648,2.75
2.9658325,2.636585,2.8473897,2
0.50379336,0.73971343,0.24265455,0.833
3.7888706,3.4728508,3.7260997,3.75
2.7143734,2.2298195,2.344828,1.8
4.6708026,4.874936,4.2982173,4.333
4.641738,4.508814,4.2451367,4.214
-0.03196917,0.15139812,0.18954393,0
3.619127,2.8789022,4.197323,3.4
4.6369696,4.28636,4.352726,4.2
0.9953042,0.75868464,0.84938884,0.8
3.5634887,3.8365266,3.6469464,4.2
2.1102273,2.786894,2.0570674,2.75
1.5991594,1.7239531,1.9849914,2.2
0.6385127,0.6162692,0.97029495,1.2
1.0189075,0.9468407,1.3267288,1
1.5942519,1.2419951,1.2943852,1.533
0.68679947,0.91625077,0.7026444,0.2
3.4676793,3.6205828,3.8387182,3
4.4043484,3.9969902,4.0698776,3.8
0.6311645,0.713355,0.5108587,0.75
3.982895,3.8903556,4.0223866,3
0.42608988,0.48860073,0.5378543,0.4
3.1975605,4.0954914,3.3396888,3.4
4.261666,4.670205,4.389919,3.8
1.5816454,1.6940175,1.7688001,1.4
3.7389042,3.737634,2.608732,3.4
4.1082177,3.618981,3.1563647,3.2
3.3188431,3.1064827,2.9388385,2.333
0.37744915,0.54292566,0.40387493,0.8
0.08158302,0.22418934,0.3138706,0
4.3398743,3.7859218,3.317066,3
4.560082,4.445883,4.596087,3.75
-0.05390041,0.024231067,-0.017566264,0
-0.021669518,0.12290291,0.15847419,0
-0.02816964,0.35579157,0.17453378,0
0.11669831,0.20384592,0.11355846,0.5
1.0069413,1.1620619,0.9449705,0.5
0.9454846,0.6258317,0.2636914,0.4
0.6537972,0.4380978,0.6990713,0.75
1.5214558,0.68814194,0.034089245,2.5
1.9035543,1.9111326,2.6240463,1.8
3.7928798,3.7423213,3.1721587,2.5
0.8123735,0.72137696,0.58852375,0.5
0.5319637,0.53808576,0.43786576,0.4
0.8411804,0.91019136,1.5002921,1.2
2.292427,1.9954834,1.9073962,2.75
0.6002129,0.5260505,0.6058452,0.4
0.48439,0.67244154,1.2939941,0.6
0.5690009,0.6779384,0.3788605,0.8
2.895006,2.0880582,1.7943379,3
0.26298252,0.45624763,0.27299044,0.4
2.7904303,3.082242,2.5413134,3.2
1.0259006,0.99211836,0.964857,1.25
4.462192,4.589404,4.5172114,5
0.18177776,0.52030754,0.48721004,0.2
3.6537383,3.145569,2.2907972,3
1.5353028,1.7580415,1.4198315,1.4
4.0313964,3.8649783,3.1398518,3.8
2.6501014,2.6415625,3.4922736,2.75
0.031523693,0.1834126,0.34582514,0
3.3893545,2.9031415,3.695469,2.8
0.025049265,0.072395355,0.20367214,0
0.010091454,0.24097994,0.31815982,0
2.9332893,2.7138646,2.6699407,2.6
0.14398076,0.1410823,0.08346316,0.1
0.39544815,0.20057386,0.37489268,0
3.012281,2.2751448,2.1619825,2
3.631642,3.210459,3.172422,3.75
3.229229,3.406171,3.0511167,3.1
3.3533764,3.219919,1.9049498,2.692
3.910288,4.3415666,3.4527957,4.429
5.0112886,4.7538934,4.7971687,5
0.080677114,0.26481578,0.32186568,0
0.4813889,0.33591026,0.618581,0.8
1.7409587,2.0174446,1.8725338,1.333
-0.08233249,0.04555206,0.14900899,0
0.5793143,0.71587914,0.8892478,0.6
0.06403803,0.27501884,0.2951692,0
-0.020821229,0.09741289,0.11829657,0
-0.033521622,0.15943621,0.111753024,0
2.591539,3.2468665,3.560257,3.4
2.846478,3.4423335,2.666832,2.2
0.054368712,-0.00013887323,0.10697106,0
3.6361792,3.8565712,3.179803,3.6
-0.018422738,0.072242744,0.20467417,0
1.533669,1.1975472,1.0615267,1.4
1.8832381,2.025674,1.8607444,2.2
3.903495,3.884343,3.8686643,3.8
2.632234,2.7652295,2.8004203,2.6
0.31358036,0.09114496,0.418864,0.4
3.6030767,3.535629,3.0364265,4
3.9672747,3.3394198,3.2953808,2.25
3.6431868,3.2626662,2.459807,3.2
0.17653276,-0.053321294,-0.13716304,0
0.21424448,-0.027892156,0.12738185,0.4
4.434495,4.4652414,3.885925,3.8
1.5524247,1.2008674,1.7116593,0.8
3.8993013,4.08303,3.9247305,4.2
2.8415587,3.5165899,3.816169,3.6
2.0150754,2.4598205,2.5271678,2
4.595547,4.3010173,3.006904,4.2
3.0309649,2.4479597,2.7343125,3.4
4.3041267,4.1463013,3.8698325,3
3.6932154,3.188818,3.4768138,3.4
2.8490908,2.4835827,1.7333682,3.6
3.3818166,3.8334842,3.6556137,3
2.5267034,2.7207634,3.2858984,2.4
2.4084241,2.4541695,1.8605771,2
3.4885232,3.31466,3.1377463,4
-0.04647763,0.069617145,0.27124077,0
4.385781,4.1991224,3.719027,4
4.2557425,3.4859936,4.082729,4.2
0.813507,0.77566665,0.8406224,0.8
2.570645,3.8103378,3.1722155,2.2
4.1627655,4.2563453,4.3691907,3.8
3.5354707,3.9847987,3.8217208,3.2
4.374716,4.38535,4.917198,4.4
-0.019047614,0.025762947,0.15651323,0
1.7368016,2.5280178,4.008384,1.4
1.9571984,1.5918715,1.0241013,2.6
0.029202353,0.3082673,0.6411934,0.4
-0.07391057,-0.062148415,0.035604447,0
3.074765,3.982394,3.0918798,3.2
4.4188,4.6470184,4.3952003,4.6
-0.07071716,0.062195837,0.9566384,0
0.9929682,1.3640565,0.4297737,0.6
1.1886241,1.0987731,1.3839229,1.2
4.293493,4.4902506,4.3447084,3.8
3.844945,3.6149158,3.7529507,3.2
2.0466645,2.0799265,1.7552027,2.6
4.977656,4.6770344,4.7215104,5
-0.06288068,0.025876062,0.133893,0
2.5133655,3.3785386,3.1959958,3.2
3.8576636,3.9606054,3.4262857,4
0.44086835,0.5544069,0.43964893,1.2
4.0403543,3.8021185,4.2361846,4.4
3.690843,3.969261,4.2424865,3.4
4.5600743,3.663056,4.016625,4.4
1.022783,1.0279539,1.2521224,0.8
4.503402,4.4964795,3.7838721,4.6
5.1279044,5.2338567,4.0517526,4.2
0.048286527,0.10853406,-0.024357982,0
3.6898687,3.6625757,3.148861,3.2
0.28879908,0.52597797,0.6149227,0
3.304115,2.4601212,3.2117734,1.4
2.5870574,1.9649049,1.4227898,3.2
3.0754693,2.1687393,2.858968,1.8
1.9293823,1.874546,1.1160727,1.8
-0.023797361,0.0075897835,-0.0768187,0
3.8487186,4.031974,3.688002,3.8
3.8921824,3.8901465,3.0486856,3.8
3.7292016,4.133339,3.7894735,4
0.011357488,0.14621587,0.18893157,0
3.318386,3.3391063,3.4370737,3.2
3.6457634,3.2596974,2.5373445,1.6
3.433398,3.858465,1.0843505,3.6
0.7004115,0.7459781,1.1431438,1
4.202763,4.098295,3.6751313,3.6
1.6387508,2.679098,2.7322206,2
4.011075,4.225242,3.9313576,3.6
4.157124,4.0462213,3.8549123,4
3.5212646,3.5660112,2.8312502,3.6
3.7053134,3.5036032,2.710435,3.2
2.1652403,3.1164443,3.070475,2.8
2.9512026,2.9049778,2.8456259,2.4
3.9926176,3.3773115,3.9211664,3.6
0.7020653,0.7390494,0.644925,1.8
0.31065527,0.44552112,0.3619028,0.2
4.1332493,4.049431,3.4178114,3.4
0.058451835,0.49375466,0.13212061,1.2
1.5652978,2.345713,1.1373323,1.4
3.8406656,3.7497334,3.644987,2.6
2.867695,3.1332247,3.2136889,2.4
0.17263308,0.24934313,0.40324438,0
4.699088,4.326753,3.84793,4
3.4034638,2.656029,2.292184,3
3.7383125,3.7891705,3.8448944,4
3.5630531,3.7315087,3.525953,4
2.1538172,2.0609846,2.092205,2
3.3257825,3.1316898,2.4570756,4
2.2392886,1.9761821,2.9378784,2.2
2.5950015,2.1584265,2.285803,2.2
3.3582017,3.1165364,3.2171042,3.4
3.9813652,3.6565502,3.4334033,3.2
2.807678,4.77761,4.5424085,4
3.427797,3.4818857,3.442272,3.2
3.54121,3.893644,3.7402854,3.8
3.7100632,3.6083262,4.083288,3
4.879797,4.7673316,4.467934,4
2.6728642,2.5830674,3.3502226,2.2
3.3591833,3.970298,3.7533073,3.4
4.808877,4.83564,4.6464143,3.8
0.3387796,0.5240783,0.3656327,0
-0.006753243,-0.11631153,0.41111362,0
5.1696105,5.2246633,4.0786324,4.8
3.3473341,2.7801397,3.342912,3
0.22408171,0.37338218,0.34124786,0.8
4.365908,4.5669107,3.627123,4.2
4.909301,4.872318,4.4376726,4.2
0.044212297,0.25198436,0.0135841,0
5.0808105,5.1285934,4.891146,4.2
5.004998,4.8265243,4.665813,4.6
5.209851,5.3301873,5.001351,5
0.27638498,0.53169113,0.27733657,0
1.6409638,1.2266421,1.183335,3.2
2.6047077,3.1047013,2.8290472,2.6
2.5990431,2.418874,2.4576378,2.2
5.206088,5.297872,5.015288,4.6
5.1895576,4.932752,4.897301,5
5.073666,4.561388,4.2067995,4.6
4.449218,4.675293,4.0581384,4.6
4.87213,4.6477876,4.7195177,4.8
0.009388298,0.20685063,0.14880502,0.6
0.100859374,0.2761988,0.29777402,0.2
2.2018068,2.3276827,2.142286,2.2
4.1437836,4.580284,3.8847897,4.8
0.36198285,0.60819894,0.34873182,1.2
1.8424401,2.1273456,2.073162,2.2
5.1360817,5.195619,4.574781,4.6
2.9528134,2.7133634,2.7238398,2.6
4.5089536,4.3754277,4.054444,3.6
1.6868861,1.673784,1.902517,0.8
3.1626074,3.1408174,4.107096,2.4
5.1725116,5.268777,4.9855266,4.8
5.212324,5.146415,4.8987584,5
0.15579085,0.4910557,0.39993066,0.4
3.3340335,2.92873,3.189217,3.2
3.3758254,3.5113127,3.3435652,1.8
3.9582067,3.605176,3.2436702,3.2
3.396598,3.8738701,4.100572,3.4
5.2022305,5.273687,4.921104,4.8
4.113567,4.5494485,4.456732,4.2
2.897904,2.8689225,3.2943544,2.6
2.1352785,2.3685207,2.9600835,2.2
1.5855631,1.0355887,1.2924308,1.4
2.6762204,3.288917,3.1432953,2.6
2.6376207,3.6105173,2.5890071,1.2
1.4697781,1.0218439,0.91141474,1.8
4.8290763,3.9446323,3.520531,4
0.12449317,0.20083845,0.33571422,0.4
0.11064918,0.25871584,0.19619831,0
0.12886877,0.35524,0.41478628,0.4
4.6792912,3.917022,3.523058,3
3.5253365,3.9006824,3.8688025,4
0.60995394,0.8154252,1.2054685,1.4
0.39854765,0.23690374,0.7883808,0.4
2.360782,2.233189,2.1894023,2.4
2.195726,2.905483,1.8426514,2.8
5.053715,4.831332,4.2918315,4.6
3.7815495,3.9724479,4.6991115,4.2
3.6547885,3.2284882,3.2003782,3.2
1.1279325,1.082602,2.0148702,1.2
2.2803695,2.2430923,2.2767594,1.8
2.9803615,2.9868968,2.6412747,2.6
1.470745,1.6026286,1.6764568,1.6
0.11940031,0.34853473,0.07802058,0
3.5033653,4.1582117,3.895131,3.8
4.292354,4.4114256,4.103039,4
5.0213537,5.2712293,4.8466606,4.8
2.276504,2.1803243,2.10393,2.4
5.2068987,4.9638267,4.4166236,5
0.326426,0.5144534,0.50296116,0
3.8350303,4.127441,3.484,3.6
1.620904,1.96508,1.8866471,2.4
5.004276,3.2830808,4.6438704,4.2
-0.084727205,-0.011824029,-0.0023812766,0.2
4.6849065,4.7136583,4.0668354,4.2
2.6617377,2.758595,4.335037,3.2
0.7430074,0.98991364,1.4034798,0.6
2.1919854,1.5984511,2.3030672,1.6
-0.01181837,0.05830112,-0.010024264,0
1.1719956,0.942449,0.9580312,1.4
5.1795845,5.268206,4.9088216,4.8
4.0321193,3.797895,3.825528,4
2.503395,2.7877936,2.6671658,3
1.0443735,0.8541397,1.2852544,0.2
0.6130069,0.7925509,0.36146304,1.6
4.2865787,3.720055,3.7262404,4.4
5.19154,5.2159095,4.757728,4.8
0.32889888,0.27193016,0.5274615,0.4
2.8420417,2.8541262,1.8041192,2.4
2.9988935,3.001781,3.617145,3
1.4515257,2.116773,2.75095,2
3.7400434,2.980789,3.7596114,4.6
0.85381675,1.6170151,1.3862166,1
5.166255,3.5792007,4.2041936,5
0.5079834,0.6560233,0.27188605,1.4
1.1933602,1.9554161,1.4341453,0
3.8558488,3.900826,3.2171133,3
0.25235316,0.87846804,0.35487223,0.6
0.06450457,0.07293105,0.12096643,0
3.0115302,3.9306853,3.8693829,2.6
1.1491699,1.1689205,1.2093368,1.2
5.1879597,5.0044684,4.912853,5
2.955816,3.3059871,3.362298,3.4
0.6517701,1.0399084,1.3639382,0.8
1.6944604,1.49964,1.2980653,0.8
0.91239136,0.69242424,0.8161947,1
0.4190603,0.38071913,0.30170634,0
0.74107265,0.97245735,1.1369659,0
1.3194038,0.99029726,2.5832748,2
2.290459,1.8474033,1.2135774,2.4
3.6448214,3.6966698,3.2153769,2.2
4.144399,3.8128421,4.2526255,3.8
2.9575634,3.0341184,3.1054118,2.2
4.432913,3.580948,4.083999,4.6
1.5848763,2.6770148,2.0290875,2.8
2.0238607,2.2531812,3.3200114,2
4.4402113,3.6542516,4.4030075,4.2
4.4240446,4.8090825,3.928942,4.5
0.60245943,0.4502486,0.56041706,0
1.2714258,1.2664913,1.3740307,1.8
4.227014,3.8067944,4.1902294,4.2
4.2624383,4.4670734,4.3034186,4.2
0.803247,0.8696549,1.3227898,1.4
3.9521449,3.5644066,3.4167705,3.6
0.06893135,0.43049774,-0.02900058,0.6
5.202329,5.274744,4.615313,5
1.0140029,2.8403237,3.4210603,0.8
-0.07418725,0.44401515,0.23586108,0
-0.040338885,0.16248025,0.14105807,0
1.9431423,1.9460537,2.0753305,1.8
1.3265586,1.1652625,1.2315369,0.8
3.0104363,2.8600867,3.4602242,2.8
-0.13112181,0.0031056926,0.11333931,0
1.4431701,1.2475939,1.3902565,0.8
0.9896876,1.2036295,1.1456181,1.8
1.6853223,1.7639029,2.183003,1.4
0.41338283,0.5169347,0.6492976,1.8
2.8903563,2.1157587,2.5833857,2.4
2.1530876,2.44884,2.6676934,1.6
4.4823203,3.9700682,4.073836,3.8
3.9470532,5.1195784,4.5082254,4.8
0.52994144,0.6860433,1.1134421,0.2
1.1822444,1.65005,2.692855,1
0.7782506,1.5981587,1.8781184,0.4
0.6129654,0.6967555,1.2533946,0.4
3.0645866,3.2607987,3.9595904,4
1.692685,1.3988067,2.5102544,3.4
3.4494798,3.667888,3.1416006,3
4.704274,4.420337,4.4952717,1.8
1.0609415,0.40834433,1.1758152,2.2
3.4962819,3.272133,3.6210673,3.6
0.83832866,0.41894764,0.32037067,0.4
0.04056636,0.27739495,-0.014054995,0.2
3.97416,4.086043,4.130543,3.8
2.816391,3.0068705,4.207529,4.2
1.3818464,1.0752134,1.2264676,1.2
2.8114488,4.5610843,4.122447,3.4
0.8821553,0.5943771,0.56830156,2.4
2.0414066,2.9917285,4.2410855,3.2
2.4470322,3.7858791,4.7818336,2.2
3.9381118,4.062049,3.696496,4.4
2.8083599,2.5508137,3.1148345,2.6
0.42636427,1.4420168,2.1992066,0.2
1.6297019,2.2182517,2.7558753,3.2
2.1712487,1.2060467,1.4200294,2.2
4.344523,3.9995837,4.5812564,5
5.212155,5.2404714,4.8655753,5
1.3809295,2.4498494,2.062477,2.2
0.11722672,0.3665199,0.52773154,0.4
0.6645295,1.125901,1.6229012,1
2.0182354,2.194233,2.1095724,2.2
3.808544,3.8591897,4.1684613,2
2.9417956,2.3873773,1.3735381,1.2
3.5380652,4.2924495,4.4383264,4
1.336633,1.1245368,1.695584,1
4.3711944,3.7896476,4.5388837,4.2
2.562988,2.8256056,2.4313576,3.4
4.0111156,3.3327868,3.1349587,4
5.2062244,5.128369,4.917446,4.8
0.9764977,0.45292312,0.9429246,0.4
4.6015472,4.224814,4.3044906,4.4
0.96562153,1.2989693,0.3656932,0.4
0.075546846,0.17043568,0.39200306,0
3.568186,3.8250856,3.5167456,3
5.0614886,4.584848,4.518841,4.6
0.33923224,0.5050121,0.18517034,0.4
1.9126078,1.454106,1.5434046,1.4
2.907052,2.6265032,3.1075106,3
2.2513385,3.2819355,3.6437685,1.6
2.2335155,1.6549196,3.362927,2.4
-0.037404098,0.10547996,0.21207221,0
1.9732884,2.5132215,3.8771684,1.6
2.7577157,3.1761396,2.5364726,1.6
0.65174395,0.83751875,0.77435094,0.2
1.4012718,2.405999,2.5701027,2.2
1.650769,1.4915859,1.7621981,2
0.37884915,0.26785517,0.4988665,0.4
5.213027,5.2263217,4.7741876,4.8
2.3160622,2.2451572,2.1518438,2
0.16003285,0.6792816,0.9278139,0.2
5.098048,4.617908,4.656927,3.8
2.7678564,2.91129,3.1368318,2.2
2.2444637,2.7714865,3.049542,2
4.272295,4.003967,3.6920877,4
3.988638,3.9217844,3.932266,4.6
1.589542,1.3992337,0.5536258,1.4
0.6251086,0.70275074,1.245635,0.8
0.5315146,0.41716135,0.5623393,0.6
1.6319795,2.2145483,2.5361938,1.2
1.0641363,1.2173874,1.7505366,1.6
-0.014377888,0.067516625,0.18074603,0
0.102146946,0.16313775,0.36095542,0.6
2.0025942,2.539427,1.6262332,3
1.8611512,2.4769979,2.4002671,2.4
0.45844772,0.64030963,0.68299544,0.6
4.3701663,4.0884695,4.544625,4.6
1.3441983,1.1599772,1.4261992,0.6
5.029453,5.2088594,4.470256,4.8
5.063336,5.1885324,4.783788,5
0.3335999,0.29553965,0.21219563,0.2
2.772889,2.9050543,2.776885,0.6
0.8431702,0.7866835,0.8800931,0.8
3.5508673,3.3642907,2.6242757,3.6
0.40434423,0.14995475,0.5305778,0
4.6608872,4.16081,4.4804626,4.4
5.1718054,5.267419,4.8175273,4.6
2.8809085,1.6145663,0.94778097,2.8
4.658406,5.295302,4.452228,4
1.3526556,0.9522187,1.565365,1
5.113416,5.1657224,4.799251,5
0.8291981,0.65788954,1.011176,0.4
0.32160553,0.12821434,0.5308014,0.8
0.36603516,0.41747582,1.8255064,0.4
0.41242293,0.17223474,0.38818756,0
1.3449615,0.5470289,1.8009611,1.6
1.5578938,1.3690977,1.1096305,1.6
3.1779568,2.6623437,3.9471545,3.6
4.709013,5.055756,4.9083815,3
2.8156626,3.0130577,2.7631695,2.8
0.20496812,0.10627863,0.13685854,0.2
0.63032234,1.2027404,1.7522925,1
0.45577452,0.80938447,0.4779781,1.4
2.0390658,4.238471,4.104151,2.8
2.5033429,2.848246,2.232204,3
0.9146625,0.5086276,0.28273886,1.6
2.3209784,2.005397,2.2953138,2.8
3.2218912,3.8413322,3.4518046,4
0.619242,0.7958731,0.39499664,0.8
1.3803378,1.8540394,2.474258,2
3.620226,4.658879,4.6771045,4.4
4.967189,3.6414292,4.4184914,4.6
1.0898472,1.8303277,2.0486073,2.4
4.858033,4.454977,4.088211,4.4
1.3664771,1.7321851,0.9956514,0.8
4.1461253,4.009212,4.3428626,3.8
0.6010962,1.4479858,0.705781,1.4
3.5587227,3.3340518,2.0375319,2.8
2.6782603,2.8889668,2.5764546,3
1.793086,3.0655303,2.596783,1.6
1.3590211,1.3326793,1.8039855,1
3.2948384,3.3882535,2.569281,2.6
1.2905482,2.0061195,0.2863902,1.6
0.29121795,0.35790867,0.46236926,0.2
2.2491865,2.6974816,3.065381,3
2.1311476,3.9220376,4.434306,3
3.417512,3.9292252,3.76332,3.2
2.7262435,2.9995873,2.856471,3
1.3039285,1.8334212,1.7341202,0.6
1.7757015,1.6607696,2.1300907,1
1.201566,1.7726961,2.3999949,0.6
1.2924881,1.3789513,2.0120358,0.8
2.5150652,2.8195293,2.558769,2.4
1.6974189,1.9222043,2.0471315,1
2.8248255,2.4742935,2.5635395,0.2
1.9538105,2.432987,2.512682,0.6
1.9115393,1.8818933,1.8992838,3.6
0.7090898,0.95199174,0.9090625,0.2
1.8358746,1.720371,1.8136228,0.2
0.99729145,1.4065334,1.9827452,0
1.0395578,1.0405759,1.2714497,0
1.6143624,1.9090741,2.198791,1.2
1.702142,1.6399758,1.6304799,0
1.3219037,1.7918895,1.7024404,0.4
1.9982983,1.7480247,1.9052761,0.4
2.6315396,2.851827,3.3600106,3
3.3403523,3.486412,2.669921,4.4
2.171414,2.6446161,3.1669145,3.2
3.0676506,3.3559647,3.6665177,3.4
2.5566924,2.7456903,3.0797586,3.4
3.6003282,3.2179337,2.9553728,3.6
1.0114149,2.0920434,2.0145898,0.8
1.469376,2.3006773,1.6054703,0.8
1.3495872,1.9060733,1.5799888,1
2.2139742,2.3270986,2.9254148,1.6
1.5343864,1.8633265,1.7281197,1
2.241727,2.9315417,3.32961,3.2
2.9770663,3.1406806,3.3694234,2
0.65998,0.9337878,2.181623,0
1.0672386,1.8675851,2.3973277,0.6
0.44998792,1.0016081,1.0488755,0
1.349875,1.5381778,1.5736074,1.4
2.7308922,2.602652,1.8377385,2
3.0318282,2.7707634,2.934316,2.6
2.355904,2.4232743,2.2840486,4.2
1.9831146,2.5459635,2.8996148,2.8
1.8239353,2.4160244,2.5466166,0
1.6185758,2.08746,2.235702,0
2.6473649,2.9721627,2.6775837,2
0.3482669,1.0387212,1.7442869,0
1.852385,2.3953722,2.301126,2.6
2.7111325,2.943703,2.977345,2.6
0.36313695,0.5815993,1.1915382,0
2.5874636,3.1246588,2.984307,2.6
0.9821047,1.2122786,1.6351749,0
1.7765279,1.538437,1.9523958,1.6
0.8981618,1.5020819,1.9863411,0
1.6643884,1.467155,1.5406203,0.6
1.2440603,1.78298,2.4971395,1.8
3.668121,2.5798051,3.1527128,3.8
2.082126,2.4432616,2.121023,1.6
2.8785405,2.737975,3.052679,3.2
1.818147,2.2923856,2.4922552,2.6
2.1800165,2.3036659,1.9966415,3
1.6961375,1.9258845,2.40818,1.4
1.715137,1.316904,1.3740374,1.6
2.4818025,2.741553,1.9358646,1.6
1.5869943,1.722396,1.6620048,1
1.9930917,2.211919,2.9203835,1.8
1.5296509,2.4011166,2.705788,1.8
1.9111869,2.304413,3.156889,1.4
1.4346106,1.980396,2.3769948,2.6
1.8678217,2.17165,1.7500967,2
1.0630605,1.0622859,1.7548627,1
1.2177663,1.4631616,2.3354993,1.4
1.1100788,1.591218,1.5703267,0.6
1.812049,1.8203647,2.5674965,1.4
3.1972058,3.182294,3.4469426,0.4
1.6643332,2.585734,2.555023,1.8
3.2517862,3.3191338,3.1003757,4
0.868859,1.0911118,1.5411726,0.6
2.8133419,2.9153883,2.8798494,2.8
2.2167985,2.4476082,2.4332483,2.6
3.3940701,3.7359009,3.6927495,2.6
1.8482618,2.8905241,2.9374542,0.6
3.5665703,3.8293262,4.095678,4.4
1.9309769,1.7065223,2.655888,2.2
1.3241186,1.3098392,1.6620805,1
0.7606445,0.6763346,1.6394813,0
1.7811193,1.5297313,2.0761657,1.6
1.6281703,2.7996001,2.7096043,1.8
3.3534796,2.864765,3.4964237,3.8
1.9012804,1.3480299,2.3239224,3
1.165685,1.5478967,2.593791,1.4
3.4362423,2.7647164,3.5528977,3
0.61318743,0.75537014,2.1703033,0.4
2.5323474,2.9745069,3.1602201,3.6
0.97963756,2.0265777,2.3817527,3.4
2.576517,2.2270973,2.7923112,2.8
3.0798337,2.930804,3.1769824,4.2
3.294044,2.6150525,3.1889536,4.2
2.497983,2.937087,3.198244,1.8
1.4382873,2.0243206,2.179387,1
2.3357706,2.786663,2.9973946,2
0.62608844,1.0640556,1.4196224,1
1.1727042,1.8776274,1.7663788,1.6
1.7549292,2.2486439,2.4538336,2.6
2.2166963,2.1080225,2.5846217,3.2
0.65668845,0.6957121,1.6201636,0.4
1.9200389,1.5857573,2.5650063,0
1.8207762,1.7050275,1.8692342,0
2.4231374,2.2120922,2.4038162,2.2
1.6062329,2.1363533,2.4757462,1.5
0.79132456,1.1342058,1.9760156,0.6
2.5725422,3.3449361,3.0313838,4
1.7294483,2.068012,2.305368,1.8
1.4973106,1.1580312,1.4082676,0.6
1.1939304,1.0595573,1.1698409,1.6
1.9133238,2.293598,1.9563484,2.4
1.4858139,1.5791087,1.6454684,1
2.081956,1.8527153,1.9068888,2
1.8880239,1.9042866,2.1121807,1.6
1.0299456,1.0173943,1.7102743,0.2
0.9741383,1.4435707,0.4740197,0.2
3.090351,3.1764266,2.9736085,2
1.2028235,1.0228409,1.1443969,0
2.8297029,1.512989,2.239153,3.2
1.7295567,2.0675561,1.9076332,1
2.0348856,2.1966543,2.2497444,2
1.799969,2.6450226,2.418481,2.4
0.42921072,0.6127786,0.8542162,0
1.839505,2.0445735,1.774889,1.6
2.5231287,1.9487509,1.8857359,3.8
2.6712525,2.076752,2.6430912,1.2
2.3072321,2.6895344,2.3151803,2
1.7070699,1.4848678,1.3086736,1
2.2780883,2.3977482,2.6657822,2
1.1482058,1.1953082,0.83850193,0.6
1.4047576,1.8406758,1.6004076,0
0.67490035,1.124456,0.77106154,0
4.232887,2.6603944,1.8620676,3.4
2.8157895,2.7709455,2.8080163,2.6
0.23223774,0.39520282,0.62031776,0.4
2.5621321,2.1618621,2.718995,2.8
2.2473423,2.4212637,2.3703587,2
1.4950953,1.6620226,1.7090561,1.6
1.2070651,1.8503566,2.3617592,1.4
2.1886022,1.9794167,2.268293,1.2
3.3530195,2.3517478,2.7303216,2.2
1.0546936,1.1759454,0.99830234,0.6
3.9071782,3.8576596,3.6023579,2.6
2.2662458,2.8519766,3.1779184,3
1.7719067,2.227591,2.4836051,2.2
2.878636,1.909144,1.6832259,1.8
1.787255,2.8104923,2.6449583,0.6
0.7765709,0.79685813,1.1647921,0
1.4531268,1.8964425,2.0457292,1.6
0.47701326,1.0644604,1.0797322,0.8
1.1410499,1.3211483,2.1348767,0.2
1.1573186,1.9113367,2.2697945,1
2.756298,2.4159064,2.6340637,2.8
1.2078809,1.2540069,1.6150346,0.6
1.9966807,2.2547324,2.7078285,2.8
1.7452652,1.7294803,1.9542158,1.6
2.879849,2.5023873,2.374601,1.4
1.9214977,2.300158,3.0308251,1.4
2.2355247,2.374467,2.9756093,3
2.670946,2.2439394,2.2229016,3.2
2.0559933,2.1525056,2.627924,2.8
2.313263,2.9751165,2.7604814,3.4
1.8840213,1.7612698,1.8322407,2
1.8405405,1.6271267,2.1730325,2.8
0.5942298,1.0446903,1.9317875,0
0.3794625,0.72378993,0.8889848,0.2
0.6962181,1.1429363,1.0441194,0.8
0.8281424,1.3553579,2.0869284,0
1.7163448,2.1265574,2.892683,4.2
1.0521078,0.7521377,1.7210674,0.2
2.4342954,2.6554124,1.2428578,3.2
0.9272687,0.8168774,2.1274986,0
0.9198219,1.2808996,1.5037537,0.6
0.8848998,1.3403254,1.0800548,0
4.4567556,4.377267,3.8416529,4.8
3.3136299,2.9288275,3.7340941,3.8
1.7468867,2.1061475,2.2840743,1.8
0.9729733,1.0623121,1.5142599,0.4
2.7991407,2.8240528,2.6615722,2.6
2.072096,1.9072495,2.204582,1.6
1.1990381,1.786116,2.3614712,1.4
2.7439115,3.5844517,3.4613354,2
1.3805596,2.056655,2.1158454,1.8
0.9987045,1.3874633,2.1508944,1.2
1.3817246,1.3139968,1.4908139,0.8
1.286069,1.4086189,2.0911217,2.2
2.727582,3.1154583,3.0431514,3.2
1.0692253,0.6664769,1.1948333,1.4
0.41464975,0.36403087,0.5794786,1.4
0.46992776,0.5597396,0.7249086,0
2.6061928,2.4024365,2.6014862,1.6
1.5258332,2.5154045,2.0144544,0.8
1.230171,1.656928,1.9337715,2.8
0.44145438,0.6022362,0.7584507,1.8
0.85623366,0.83299273,1.7076962,0.67
2.133672,2.5148103,3.132441,2.6
1.3333337,1.4630086,1.6771387,0.4
1.6987171,2.4521084,3.1533022,2.4
2.6642642,3.0105093,3.1625435,2.8
1.8953978,1.9546689,1.6033723,2
1.8800244,2.3931246,2.9573872,3
2.2238832,2.366504,2.4253101,2.6
1.8637099,1.6144586,1.6717056,1.8
3.1047413,2.3068125,2.2737882,3.8
3.002313,3.2520003,3.3849945,3
1.9621398,2.483629,2.6194444,1.4
1.6255174,1.9420862,2.5901299,1.6
1.0506582,1.4046619,1.498072,0
1.0281086,1.2856244,2.2733402,0.6
0.9773753,1.1730338,1.462067,0
2.4159057,3.1432278,2.9430213,3.4
2.0605671,2.0148072,1.998521,3.6
1.3069005,1.648802,1.6230279,2.2
2.470856,1.8482753,2.1909206,3
1.7744381,1.7810035,2.5284157,1.8
1.8632028,2.3890123,2.6446252,2.4
1.8465605,1.8099757,2.487831,2.6
1.3945161,2.1926055,1.5430819,1.4
1.8103248,1.992287,1.9493818,1.6
1.4853384,2.071336,2.2545428,1.6
1.3830978,1.5202382,1.3042448,1.4
2.9715934,3.1954749,2.9293756,2.8
3.1940167,2.5231824,2.6142657,3.8
2.8341522,3.193403,2.3011856,3.4
1.3965534,1.5022583,1.8385617,0
1.9292732,3.0639882,3.6202686,2
0.6688608,0.9584536,1.1856608,0
3.6971815,3.6728919,3.5326648,3.8
0.5155381,0.7115672,1.0063245,0.2
1.6754583,1.7765937,2.144703,0.6
0.5684832,1.0521126,1.1300534,1.8
2.4058664,2.3168514,2.5416484,1.8
1.5813998,1.8620474,2.186759,1.2
0.4427044,1.1266004,1.2463409,0
1.5642902,2.020265,2.061904,1
0.8264609,1.0777909,1.6524327,0.4
0.7475911,0.8628494,1.4100249,0.8
2.904828,3.2108355,3.3719444,3
2.924689,2.6390626,2.4427452,3.8
3.020211,3.2222345,3.086621,3.2
2.7438998,2.6208162,2.9845214,2.6
2.7316687,3.0549746,3.3733735,3
2.1453154,2.6028347,2.6591249,2.6
1.5690353,1.7340573,2.3198977,1.8
1.5638889,1.4778918,1.9076759,2.6
0.7755124,1.2509298,1.3428564,0.8
1.8401752,2.614847,2.6542048,1.6
1.115612,1.737292,2.2817605,0.6
2.0506272,1.9717045,1.8962454,2.6
1.0756178,1.1213896,1.0115666,1.2
1.0460569,1.4013747,1.7280645,0
2.6909473,3.5866935,3.2339633,2.4
1.1432569,0.7526189,1.6613177,0.4
0.9822829,0.85499525,1.9324125,0.6
1.2251382,1.5276161,1.4099649,1
2.6189697,3.0068855,3.09073,2.6
3.6227887,2.7637398,3.2977197,4
3.327465,3.5569613,3.0434055,3.6
2.455829,3.3892581,2.8218007,2.6
1.8884778,2.3552902,1.7994443,1.6
2.7987177,1.8315719,1.8050853,4
2.2621167,2.5625668,2.68988,3
1.4094541,1.7770035,2.2421155,0.6
0.9626221,1.3722401,1.4517883,0
1.3737667,1.4102807,1.6765298,0.4
0.80128676,1.0423362,1.887362,0.4
1.2351675,2.2804961,2.9542756,2
0.6416017,1.2809242,1.1149608,0.6
0.8853135,1.3144239,1.5961477,0
1.5739375,2.0871458,1.294338,3.2
2.3084517,2.5601137,3.319652,2.8
2.2556899,2.3044164,2.4370353,2.6
2.7015748,2.89967,2.6180055,2.8
2.0962372,2.4647262,2.2940278,0.2
3.6781905,3.6250596,2.9452155,3.2
1.9610002,2.4199917,2.4795523,0.6
2.8489788,2.5366213,2.324917,3.6
0.67095107,1.3264203,2.0455332,0
1.2587903,1.0939937,1.7370895,0
0.80762947,1.050289,1.2299458,0
0.854335,1.2578088,2.0232933,0
1.4256595,1.938964,2.41405,2.2
1.2954575,1.3906349,1.2253445,0
0.8733703,1.0265269,1.5115188,0.4
0.94602174,1.247211,1.8858382,0
2.1107574,1.9888643,1.9818906,2.6
1.4124782,1.5877118,2.326169,0.8
0.8374257,0.62253815,1.5588886,0.4
1.6096154,1.9023486,2.175638,3
1.1180394,1.3195767,1.777366,2.2
0.5720307,0.46132603,1.1069884,0.6
2.958276,3.0170777,2.8783221,3.4
2.38836,2.4640508,2.4203587,2.2
1.1134298,1.3478979,1.5234156,1.8
0.38678202,1.49578,1.1895562,0.8
0.84172076,0.89433086,1.2852138,0
0.98011655,1.7276195,1.9492762,1.6
1.9210403,1.7143378,1.8865393,2.8
2.5387614,2.8252122,3.466727,1.67
2.1351655,2.0746303,1.3014754,1.8
2.373575,3.0386946,3.4181905,2.8
0.16125044,0.4856586,0.85293525,0
0.9515064,1.3914841,2.2741375,0.6
2.2755306,2.7082086,2.6960776,1.8
1.9916441,2.1301887,2.1561613,0.4
0.9483281,1.58547,1.2284349,0.2
0.19640955,0.39259487,0.9477049,0
2.0992055,2.1866062,1.3458358,1.4
0.9229925,2.6124022,2.5191844,0
1.7943398,1.8876151,2.1572099,0.6
0.9064422,1.2806902,1.5066732,0.8
0.94300777,1.8677894,1.6837803,0.2
1.4451694,1.2864943,1.760794,2.2
1.2981311,2.214534,1.9915069,1.8
1.1084516,1.2413955,1.548544,0.2
4.3963847,4.5486703,4.5812626,4
2.8809712,3.067073,3.0655353,4.2
3.010585,3.1829684,4.022649,4.4
2.7166238,2.8313794,2.6926012,3
2.3243458,2.3967533,2.7092614,2.6
2.6985428,2.7385745,2.517691,0.6
2.8367686,2.9414096,2.6154487,3.2
1.4169674,1.8165975,1.5053371,2.6
0.7965606,1.2451477,1.6892258,1.2
1.6163778,2.0405326,1.8122514,3
1.1416508,0.75669664,1.0666722,0
1.4197277,1.9606304,1.3003985,2.6
1.4457524,1.4214995,2.243282,1.2
3.1427634,3.0486364,3.1188116,2.8
0.5113904,0.8592004,1.684684,0.2
1.8733897,2.8602936,2.8312583,1.8
0.7104568,0.9405561,1.4770489,0
0.41973126,0.7869076,0.38508815,0
1.3493397,1.7035906,1.8108363,3
1.1366621,1.7301095,2.2116027,0
1.9183302,2.319185,2.6796827,2.4
0.81691825,1.5385733,0.8578226,0.4
2.3520987,2.8421044,2.5724049,2.6
0.90562063,1.2085379,1.9535857,0
3.8053212,3.3496974,4.079022,3.6
1.6639605,2.0152981,1.5448129,1.8
2.198909,2.226376,2.1725507,1.6
1.9327943,2.293428,2.0100286,2
1.7833383,2.03929,2.6578994,2
1.349934,1.1430748,0.8772394,0
2.5930321,1.953213,2.5131772,2.6
1.2282134,1.6037757,2.7509987,0.4
1.4288658,1.2069254,2.2035334,0
0.6783686,1.0901364,1.0699906,0.2
2.205173,2.6375873,2.2008953,1.8
1.2585213,1.4145808,1.9235523,1.6
0.93690485,1.175523,1.7848349,1
1.2604327,1.5426877,0.9214414,0.6
1.076808,1.10207,1.2052814,1
1.2083097,1.5229356,1.735677,2.8
2.3337653,1.7997781,1.4854469,2.6
2.4299123,2.5530798,2.6851985,3.4
1.4942696,1.7949624,1.4221113,1.6
3.2404578,3.1567197,2.333229,4
1.6043866,2.071177,2.7633495,1.8
1.2073848,1.2564918,1.2237254,0.2
1.0810578,1.5257789,2.5707998,0
0.81763995,1.144639,1.7061651,1.4
0.71798533,0.63601017,1.2096828,0
1.871721,2.4100919,2.1965876,1.2
3.2951283,3.2557647,2.917104,3.6
1.2065401,1.9251909,2.1665473,3
1.8935546,1.8077421,2.9417925,1.2
1.4717863,1.6708982,1.9830441,1.8
2.1137333,1.4529548,2.022491,0.8
1.9867427,2.8110788,2.660404,1.2
1.1447873,1.1178414,2.1866536,0
1.9122112,1.9917297,2.2870164,3.2
0.94330055,0.87737536,0.25430495,0.2
0.9294901,0.96180046,1.0704833,0.8
3.5538335,3.2581928,3.4343317,3.6
5.1256337,4.9022083,4.4299674,5
3.1585805,2.5981,2.5901618,1.4
2.953188,2.9005003,3.2816288,2.6
2.961907,2.7711868,3.1323085,2
4.321054,4.340576,3.4438038,3.75
4.3938775,3.7950604,3.8613358,4
3.4260294,3.2944133,3.4574516,3.75
3.6651404,3.774771,3.185779,3.2
3.856251,3.7255752,3.5658364,4
1.9068837,2.1397753,2.4384,2.4
4.6344695,4.3210835,4.409103,4.4
4.3822966,4.5344257,4.0463085,4.2
3.9080255,4.230221,3.7709057,3.2
3.7004657,3.5371811,3.231716,3
1.0886301,1.0009284,1.1224204,0.8
3.2084594,3.0996785,3.0499663,3.2
3.61125,2.72373,2.7609038,3.8
4.1171327,3.9586039,3.7410128,3
2.0620503,2.9099433,2.27876,2.4
4.5567884,4.4405007,4.2819743,5
3.4086337,3.6899147,3.7710738,3.8
3.8841846,3.5434504,3.4943016,3.2
4.3767653,4.3189683,3.5450754,3.8
4.0674014,3.7662287,3.7398734,3.8
4.184657,3.8236125,4.1337337,3.75
3.1248047,3.128033,2.9523144,3.2
3.9384196,3.709938,4.0342975,3.4
3.9439538,3.7804408,3.3141603,4.6
2.9989755,3.287767,3.2007604,3.333
3.9806437,4.048373,3.6642685,3.5
2.4077196,2.2735393,2.4278967,1.75
3.3737402,3.2868862,3.033577,3
4.1872888,4.574782,4.4114223,4.4
3.358753,4.061547,3.3598387,3.8
3.12176,3.331611,3.6887107,3
4.5044675,4.7435665,4.541877,4.5
2.4478173,2.3200233,2.0075567,2.2
4.803905,4.986991,4.5517526,4
5.139016,5.079543,4.9624543,4.6
3.5707037,3.9822266,3.3525288,3.5
3.7416122,3.8827236,3.852046,3
3.9119294,3.4943542,4.2764363,4
4.7250266,4.7236314,4.6178045,4.333
4.793137,3.9708707,4.2759414,3.25
2.997842,2.7242477,2.6921597,3.25
1.8148634,2.0967066,1.9444553,1.75
0.87709767,0.7561265,1.1938993,0.8
4.2900295,4.545454,4.002547,4.4
3.4707606,3.9553692,3.673069,3
3.4433901,3.0627036,3.3849578,3
3.4502156,3.353174,3.237628,3.25
4.4038615,3.6038482,3.7331629,4.4
4.6823187,4.3972178,4.256391,5
4.7555103,4.4543595,3.9736,5
3.663586,4.2486157,3.0766335,3.2
2.4581,1.9679806,3.2435684,2.2
4.1907725,3.5357401,3.2801814,3.25
4.0917654,3.7574716,3.6907768,3.75
2.6927905,2.8410337,2.606716,3.2
3.5734127,3.8190806,3.8139675,4.4
3.731277,3.0900466,4.1098742,2.6
4.4267974,4.500906,4.3260813,3.5
4.2096667,4.1276517,3.8863928,3.75
3.9818864,4.001013,3.3931358,3.5
3.603167,3.4835067,3.253227,4.25
2.9345634,2.7191,2.7417707,2.4
3.1691415,2.7300441,2.746091,3.25
3.0931745,3.6802835,3.5914114,3.8
4.180134,3.9642577,4.0957427,3.4
3.25747,3.061301,3.082022,3.5
2.1538734,1.9178162,2.6835358,2.4
3.6873963,3.819495,3.4754894,3.8
3.2213743,3.2909186,4.270581,3.8
4.111136,4.12689,3.7405534,4
3.7088761,3.4332657,3.4376464,3.4
3.498721,3.6969225,3.4520872,3.25
4.3639607,4.155071,3.7480347,4.6
3.856489,3.909771,3.8370142,3.714
2.1188157,2.064694,1.4927658,3.333
4.233129,4.131596,3.742981,3.4
3.412558,4.2349324,2.7018886,2.8
3.9611557,4.0125356,3.5552075,3
3.7673378,3.4310367,3.703096,3
4.184823,4.1351824,4.337676,3.75
4.8530345,4.374494,3.9113333,4.4
1.1499612,0.86080337,1.2343594,1
2.7051568,2.484971,2.0581179,2.8
3.564502,3.7458365,3.859183,3.25
2.0978086,2.520284,2.2871826,1.75
2.9465017,2.3515694,2.765945,1.75
4.9894323,4.833944,4.38723,5
4.411325,4.302639,4.6046515,3.6
3.694195,3.8060987,3.8262799,3
3.12269,3.179167,2.6768079,2.8
3.8274422,3.8809226,4.0142307,3.6
3.3280365,3.410116,3.2622676,3
0.92963976,0.7834367,1.0112149,1
4.9650598,4.68425,4.9897513,5
3.0523174,2.9047837,2.912934,3.5
4.3796577,4.2904077,4.288755,4.5
4.367126,4.820001,4.39836,4.8
3.7255766,3.721005,3.4014962,3.5
2.6956513,2.728903,2.6314461,3.692
3.772343,4.3177414,4.482535,4
4.132446,4.086949,3.524995,3.5
4.863851,4.907562,4.642198,4.75
4.46746,4.0892797,3.9105425,3.2
2.8641076,3.1393156,3.4656591,2.6
4.10532,3.9446566,4.0958276,3
3.3813252,5.136877,4.1466904,3.25
2.1871388,2.4944506,2.0313482,2.2
3.0314522,2.7382677,3.2779367,3.5
4.559162,4.1899104,4.3876615,4.75
3.085318,3.5049155,3.4277906,3.2
3.586239,4.3039937,4.0939574,3.25
3.6261926,3.091977,3.3746576,3.75
3.0669637,2.9855134,3.06946,3
3.869076,3.2542405,3.492044,2.6
3.6149387,3.2831607,3.355586,3.25
4.46281,4.120045,3.9594822,3.4
1.2099288,1.1674652,0.9459997,1.333
4.0307765,4.147741,3.9807868,5
3.2550566,2.8099663,2.7705982,4
2.9779317,3.2679603,2.9996367,3.6
0.7899706,0.6865717,1.0095831,0.8
2.1943207,2.2932706,2.6360924,3.5
3.2231867,3.5579073,3.2747965,3
1.6270132,1.8245125,1.795462,1.667
4.1105447,4.607294,4.065982,3.75
2.44398,2.9880564,2.8482957,2.25
4.25485,3.5970314,4.1001787,4.2
3.9823587,4.0769343,3.8827853,3.6
3.914161,3.982392,3.670098,3.4
2.9200003,3.286898,2.8655891,3
3.819698,3.889187,3.954361,3.25
4.472981,4.25064,4.328076,3.6
3.733666,3.923441,3.3998227,3
2.4595253,3.3135798,3.1590998,1.75
2.653822,3.0820835,3.2056732,3.25
4.748598,3.9536932,4.1967134,4.4
2.7466915,2.6278033,2.0611088,2.8
2.8412898,3.477222,2.4892993,2.75
3.2895625,3.347233,3.500704,3
3.842696,4.671139,3.9264398,3.6
1.4735425,1.9706191,3.075635,3
1.6830341,1.9783206,2.0001402,2
3.6176136,3.3517582,3.713273,3
4.6361623,4.797026,4.811342,4.4
2.5265677,2.7096117,2.84961,2.4
4.0120015,4.383584,4.10666,4.4
4.555191,4.3873706,4.266318,4.4
1.8191848,1.6899009,2.024446,2.6
3.403662,2.672882,3.2021635,3
4.020828,4.5278506,3.8682709,4.5
4.1825356,3.635595,4.240218,3
2.5290926,2.6602929,2.7778306,1.75
1.8693985,2.0229526,2.091176,2
2.5070717,2.9358513,2.5653124,2.4
4.880964,4.469823,4.6107764,4.8
3.8834126,3.7074783,4.192018,4
3.9161186,3.6036463,3.9692492,4
3.6167207,3.8142998,4.5309906,4.4
3.7267225,3.8666441,3.5839157,4.2
4.3279138,4.1705546,4.256176,3.6
2.3950176,2.4134104,1.9650933,2.5
2.097814,1.7528639,1.9857193,1.5
4.968701,4.927433,4.659182,5
3.685064,3.8307788,4.085055,3.75
2.4931335,2.6158342,2.7003913,1.75
5.0878906,4.3470564,4.6983995,4.4
3.3028343,2.9574583,3.3834124,3
4.0600214,4.1461,3.9621897,3.8
3.7120717,3.38937,3.3768516,3.25
2.8439386,3.3331072,3.1067863,2.75
2.8358963,2.8670464,2.083654,3.4
3.2905202,3.6434147,3.3745825,3.2
3.247186,2.5297759,2.9312356,2
3.63037,3.544854,3.5300689,3
3.70106,3.2994998,3.166342,3.25
5.1692543,5.1750493,4.4552665,5
3.4326973,3.8458288,3.2313886,3.333
3.700468,3.5916455,2.8938584,3.6
3.4960916,3.2847428,3.1541567,3.8
2.3777406,2.3107896,2.5803208,3
4.117754,3.8730068,3.8585632,4.25
3.2747207,3.2872338,3.8309302,3.5
3.8500097,3.6639032,3.2628577,3.2
2.3162322,2.4761813,2.4065173,2.4
3.9877408,4.2893376,4.4082646,4
4.0410256,4.11036,3.3683493,4.667
2.874338,3.4024112,3.6951861,3.333
3.5899088,3.1189978,3.3893404,3
3.9041104,4.355697,3.9315438,3.25
3.553315,3.3929377,3.6092474,4
3.9941883,3.4580903,3.8561306,3.5
2.1279168,2.2077534,2.5203257,2
4.3336368,4.027123,3.8916836,3.6
3.3723648,2.784013,2.020336,3.4
4.147877,4.0746446,4.185806,3.5
2.9444668,2.4167883,2.8267977,2.4
3.9431067,3.5443976,3.3456078,3.5
3.5487156,3.6828191,4.035184,2.8
4.658865,4.5768366,4.334523,4.8
3.6112149,3.5776613,3.5418963,3
4.0275145,4.007267,4.1668487,3.4
3.5612419,3.5164528,3.5441191,3.25
4.9298472,4.2770185,4.532277,4.75
3.8509595,3.581142,2.9007912,3.6
4.5095687,4.463511,3.7734764,4.2
2.2460983,1.8665366,1.6780533,2
3.6801445,3.795784,3.480332,3.8
1.8419409,2.6339407,2.875939,1.6
2.622649,2.6922905,3.5342736,3.25
5.0171676,4.7334857,4.449318,5
3.0152357,3.0648792,2.7138813,3.417
1.6285269,2.14383,2.1565309,2.75
3.7305455,3.912677,3.859309,4.111
2.8641963,3.1769602,2.2391047,3.6
4.1516614,4.3229403,4.4623075,3.6
4.4198055,4.5785036,4.18193,4.333
3.3463354,3.1216023,3.6382284,3.2
2.449657,2.4321268,3.0315554,2.25
4.715398,4.592582,4.385215,4.5
3.704345,2.9428525,3.6385944,2.75
3.5297034,3.5618165,3.5640304,4
4.295681,3.58061,3.7629151,3.4
2.1995358,2.5583615,2.2174482,2.2
3.263828,3.1684582,3.5178509,3.25
3.4703383,3.234626,3.0258186,3.667
4.9866867,5.266452,4.707003,4.75
3.7601209,4.1032166,3.4101195,3.5
1.8325441,2.4715142,2.1630378,3
3.780897,3.4261427,3.4979258,3.25
4.3328605,3.527651,4.05421,3.6
4.088841,4.2892084,4.1541953,3.8
0.8640307,0.66811204,1.1932365,1
4.0164194,4.27693,3.9744337,3.333
4.577089,4.4958687,4.6077523,4.25
2.1057816,1.932391,1.5076698,1.75
3.0744567,2.8583338,2.8497148,2.75
2.9092488,3.478011,3.3435354,3.25
3.7206357,3.8836339,4.313745,2.5
2.733793,2.4945385,2.567144,3.091
4.470263,4.4869933,3.9962456,4.4
4.591233,4.823453,4.74999,4.8
5.2037435,5.261394,4.9168096,5
4.011767,2.6361568,2.6731105,3
3.7244527,3.2181494,3.5422685,3.2
5.0119505,5.2574143,4.628749,4.4
1.6875274,1.7770197,1.7446467,1.8
4.660173,4.984922,4.557255,4
1.9803045,1.9291363,1.7355586,1
0.36547074,0.78847176,0.84473807,0.6
4.917918,4.7037067,4.8537173,4.6
2.260364,2.2369,3.018187,1.8
0.7520102,1.1131337,1.2034365,1.2
4.444378,4.270822,4.797563,4.6
2.3013997,1.8310009,2.5969262,1.4
3.5585067,3.0347865,3.6762786,3.2
2.8091238,2.4054255,2.6035004,2.8
0.8481521,0.5608954,0.912858,0.8
4.759855,4.6951237,4.6858172,3.8
3.371754,3.6630535,4.091396,3.8
3.2998548,2.4038928,1.1733323,4.2
1.3933249,1.651408,1.8686525,1.6
3.9855142,4.725743,4.5669208,3.8
0.7920746,0.5585933,0.7117414,1.4
2.9446237,2.9722757,2.7319,3.6
1.5667145,1.7268779,1.2686931,1.8
4.2983255,3.6107447,2.6152163,3.8
0.16853182,0.3471474,0.41991836,0.2
2.6595006,4.373414,3.3850677,1.6
0.5493642,0.5026699,0.20654334,0.4
2.389204,3.444483,2.263696,2.333333
0.5760652,0.7530008,1.2984177,0.4
3.4798453,3.1521251,3.0353181,3.6
2.2658203,2.6466894,2.8199549,3.4
3.0588596,2.8302906,3.1856534,2.6
2.1729536,2.140709,2.35007,2.2
3.3115056,2.4573925,2.7390642,2.6
5.1361756,4.64226,4.816531,4.8
4.8663454,4.335192,4.860227,4.8
5.1468253,5.1741567,4.6824584,4.8
2.8261774,3.428863,2.887932,2.6
2.0796597,1.8507049,1.9561725,1.6
1.2738831,1.2067331,1.4536312,2.2
0.72131133,0.6937933,0.83369446,1
2.1724026,1.6036587,1.2248201,1.2
3.3859556,3.0442052,3.7889888,3.4
1.6855417,0.8428094,1.0967981,0.6
2.1025758,4.071749,4.115305,3.2
4.3946567,3.9558032,2.2882216,3.2
1.8220706,1.6639142,1.9316648,1.8
0.98020846,1.3326564,1.0849296,1.2
0.39933005,0.7309256,1.8403242,1.6
4.861875,4.889137,3.408369,4.8
3.5262744,3.7512043,3.2878845,3.6
3.8980303,4.105111,4.2943873,3.8
2.85482,3.7747917,3.44557,3
3.5621629,3.4924538,4.0077305,3.6
4.9309464,4.537577,2.808008,4.4
3.1379898,3.0337236,3.179394,2
3.2517662,3.6675308,2.7070231,2.4
3.7686305,3.1906137,3.265393,3.2
3.3941782,3.035065,3.3229613,3.4
3.4362075,2.9337227,2.7193549,2.8
2.9954402,2.706352,2.1366968,3.2
2.350079,3.721596,2.4219751,1.8
3.4814146,2.0448234,2.0380678,2.8
2.7128708,3.1714473,3.5204067,3.4
4.989365,5.199756,4.4003353,4.6
4.1845746,3.5258858,3.6500912,3.8
2.2715561,1.3372625,1.8336165,1.6
0.56700283,0.86192966,1.3404032,0.8
2.0840557,2.2300744,2.410088,1
2.8491917,2.9232926,3.5308192,2.6
3.4881117,2.927778,3.4082565,4.2
4.6524224,4.5079465,3.1762688,4.4
3.425598,3.059852,2.6694279,2.2
2.340955,3.967909,3.3409245,2.6
2.8795822,3.677172,3.8921084,2.8
3.9997623,4.049294,4.4180017,4
3.74901,3.5906272,2.9663908,3.2
0.058273155,0.61233574,0.44368932,0
3.6790493,2.7768629,2.3468347,1.8
0.024524419,0.67974,0.34605566,0
1.2590576,1.6110799,1.9535592,2.6
2.259999,2.3257864,2.982389,2.75
3.9132874,4.2642164,4.5368423,3.2
1.6311955,1.3757652,2.1822848,1.8
3.715379,4.0765433,4.4338655,4.2
2.8660092,2.5182512,2.3888943,4.2
2.3744593,1.6097853,2.8725572,2.6
4.486894,4.8316197,4.6183825,4.2
2.5922043,2.0874546,2.2139285,2
5.142841,4.249018,4.921534,5
1.5044366,1.3210671,1.8085531,0.8
3.1754959,4.122205,2.9775722,3.8
2.7312202,4.639064,4.3117905,1.6
3.8623164,4.2380733,3.801925,3.4
0.30936083,1.0936266,1.6198473,0.6
1.6453942,1.5797969,1.3318256,1.4
2.6198525,1.5386624,1.4203594,3.8
1.2090788,2.0619657,1.617556,1.2
3.36995,4.278722,3.9595826,3
2.756464,2.4179816,2.446782,2.2
0.42514122,0.5937655,0.5073626,1
2.8712132,2.5643911,3.6808357,2.2
3.3072424,3.4951704,3.5649366,1.8
0.34587112,0.9083039,0.7014948,0
4.9702754,4.905387,4.563144,4.2
0.5863465,0.5825031,0.6589993,0.4
1.8269283,1.9814565,2.122177,2.6
0.54296094,0.796112,0.07055024,0.6
5.0546956,4.133513,4.7986665,3.8
0.60622954,0.43708658,0.31670347,0
5.2088685,4.4743795,4.911863,5
0.80844235,0.6576126,0.6558849,1
4.6190486,4.3134317,4.394547,3.2
2.6581144,2.4397726,3.2849026,2.8
4.464372,4.7134023,4.760167,4.6
4.7334695,4.2712355,4.0937634,3.4
0.8145902,1.4877356,0.872283,1.2
3.335821,3.0581467,3.3692632,4
2.03919,1.8136256,2.399414,1.8
5.132264,4.448399,4.4103436,4
3.6936085,2.933523,3.9704378,2.4
2.2851813,1.708219,1.7810278,1.8
2.8290336,2.908672,4.199126,3.8
1.1659217,1.0714424,1.1564902,1.4
3.2113707,2.7208774,2.8111563,2.6
1.5555947,1.2176436,1.5444349,1.4
2.0833855,2.7459762,2.409744,1.6
3.7977724,3.329003,3.3680103,4.8
0.8204228,1.0168624,1.9588475,0.8
3.4416373,2.4897485,3.3108153,3.4
4.3667083,4.161947,4.0690627,3.2
2.6876047,1.9523603,2.499105,2.2
1.9565811,1.9931645,1.909434,1.2
2.2454536,1.4972777,1.9428457,3
2.7479334,2.7068028,2.993649,2.6
0.7465905,1.0083933,1.20566,0.4
5.1266494,5.0747385,4.724028,4.6
4.278489,4.848738,3.4848804,4
3.1478264,2.6370761,2.6692898,2.8
4.9674144,4.8722672,4.947924,3.8
0.1811617,0.35807702,0.7687582,0
3.4555497,3.618115,3.9640265,3.4
3.7899668,3.9023979,4.1219726,4.6
0.46283454,0.7746512,0.83755034,0.8
4.4105186,4.335973,4.324225,3.8
2.298942,3.408985,3.3664842,2.2
2.3715212,3.0272386,3.2794325,3.2
4.374734,4.126956,4.6000595,5
2.1592574,2.1434968,2.5665023,1.6
1.939605,1.4472659,2.1234236,2.2
0.68745124,0.62641436,0.7685515,0.8
3.385242,2.3012462,2.8219037,3.6
2.904639,2.1735094,2.03901,2.5
3.8807602,4.886954,4.0064774,3
1.8831401,2.4452431,1.9536343,2.2
-0.026005667,0.16932704,0.17968225,0
0.01724256,0.34617674,0.3268805,0.2
3.0089054,3.19868,3.3053417,3.2
4.910472,4.7844696,4.9072022,5
1.8846393,1.8943461,1.3936939,2.2
4.990617,4.2627444,4.4786444,4.4
3.9338243,3.6641815,3.626196,3.8
0.40872929,0.93212193,0.50372237,1.2
5.136362,4.7666116,4.014567,4.6
3.193644,1.7947733,2.898562,3.8
1.1206739,1.1661953,1.729603,1.4
1.7065132,2.1074145,1.7401516,3.8
0.019452212,0.36592904,0.17132048,0
1.6899259,1.9106299,2.5054214,1.6
5.154142,4.9897447,4.4908075,5
0.40354803,0.47089982,0.6326909,0.4
1.3241824,1.0736564,1.2215061,2.4
1.9366453,1.9557801,1.7475885,3.2
4.524066,4.8986416,4.5423307,3.8
3.3892267,3.3359628,3.0482244,2.6
1.4784616,1.3449816,1.1863881,1
3.4919665,3.235876,2.0365162,4
1.4033319,0.8653851,1.5927259,2
0.84591615,1.2684906,0.9368527,2.2
4.5842776,3.9658365,4.388028,4.6
4.157958,3.9034052,3.4946427,4.4
2.2083826,1.6821879,2.1218307,1.8
1.2543027,0.95952225,0.5773562,0
0.25243872,0.20306736,0.31944197,0
2.156529,2.9559925,3.5184398,2
2.6745062,2.823461,2.1543536,3.4
0.03501269,0.19966808,0.6356756,0.2
2.119814,2.3546867,1.5563639,2.4
0.22411032,0.5038103,0.51057446,0
0.6196206,0.8478189,0.60331273,0.4
0.38104978,0.51323307,0.7765768,1.8
0.94221795,1.1328913,1.5001107,0.8
0.5955351,0.55227906,1.052251,0.4
3.133021,2.3310378,2.0125642,2.2
2.3953695,3.5697591,2.871937,1.8
5.1603584,5.0246935,4.711045,4.6
2.988911,2.5776427,3.1727636,2.2
1.2563452,1.6091335,2.2235394,1
1.2578222,1.7696257,1.951694,1
3.784098,3.4011223,3.4846377,4.2
1.534586,1.4447103,1.6193024,0.4
0.30015412,0.5389748,0.28450328,0.2
0.19134143,0.011279358,0.48386335,0
0.1828349,0.16499929,0.027913354,0
0.33980098,0.18378836,0.13895057,0
0.5964683,1.3664567,2.0019653,0.6
0.78097874,0.6731353,0.6278773,0.6
3.3167908,3.9193327,3.4197855,4
0.11975324,0.27279052,0.46464115,0
0.29709637,0.45630732,0.53535885,0.8
3.3368385,3.2677996,3.0815141,3.2
4.823254,4.6067033,4.358167,4.8
4.8616357,4.8122497,4.23336,4.2
1.1082695,1.0749054,1.0346719,2.2
0.26016533,0.7214451,1.9570681,1
2.5134122,1.9458578,1.710272,3.6
1.3235811,1.3355356,1.6888702,1.6
2.1549551,2.3107266,1.7064,3
2.0806558,1.7946923,2.0127,2.4
0.7696037,0.56767434,0.6494485,0.4
0.19226845,0.2692052,0.29785746,0
5.175238,5.233309,4.431315,5
1.7989948,1.7656467,1.8685156,1.2
1.2539295,0.96548635,2.0047746,1.4
5.0587244,4.4824142,3.720696,4
4.271129,4.702396,4.6765,4.6
2.391592,2.2137265,3.0794044,3.4
-0.037007112,0.35001218,0.16334629,0.4
0.16969758,0.1655731,0.5051645,0
5.0312705,5.2510395,4.8580437,4.8
4.5768814,4.231018,4.1275787,5
4.5797515,3.5020525,3.0266652,4
4.8083453,4.8748684,4.8235807,4
4.2875514,4.1736093,4.490831,3
5.0434566,5.1136656,4.817792,5
3.3192875,3.1855004,3.381395,2
3.0405858,3.296535,2.7803338,3
4.4742618,3.8521287,3.9420152,3
1.9311932,2.1046154,2.3526473,1
4.499182,5.22063,4.5324945,5
2.8467968,2.7083893,2.3733718,2
2.4733489,3.5570548,3.251834,2
3.8340209,3.392976,3.1867235,2
5.079766,4.2557893,3.6886399,5
2.4838543,2.153881,2.4108276,3
4.2448964,3.871333,3.3464396,3
0.7496825,0.44455475,1.1276003,0
3.7567303,2.0348587,2.8441167,2
0.83323497,0.8580473,0.8129879,0
1.2453749,1.399935,2.2150037,2
0.35433823,0.5421467,0.9923297,0
0.70778745,0.99073243,1.7452339,0